id ,name ,email ,salary 
4UnH1SoH, Anthony Schildgen, anthonyschildgen@yandex.ru, 13000
TqQD9U2v, Bong Howe, bonghowe@gmail.com, 7000
vdsjuzRr, Erasmo Drews, erasmodrews@gmail.com, 11000
hQFmJ7h4, Erasmo Michaud, erasmomichaud@yahoo.com, 5000
b52qYBqt, Georgianna Lupo, georgiannalupo@rambler.ru, 5000
tYEZKFb4, Jeanice Haslett, jeanicehaslett@ya.ru, 6000
bOjbAEFs, Leigha Howe, leighahowe@yahoo.com, 9000
WExGgilz, Rebecka Mote, rebeckamote@ymail.ru, 7000
Ov6EL4ZU, Tama Schildgen, tamaschildgen@hotmail.com, 14000
